Team Name,Date,Opposition,In Possession,Out Possession
Boston Bolts U16,12/07/2023,Albion,Build Well,We want to press high
Boston Bolts U16,12/09/2023,St Louis,Test,Test
Boston Bolts U16,12/10/2023,Miami,Updated,Bad
Boston Bolts U16,12/09/2023,St Louis,Test,Test
Boston Bolts U16,12/10/2023,Miami,Updated,Bad
Boston Bolts U16,12/07/2023,Albion,Build Well,We want to press high
Boston Bolts U16,12/09/2023,St Louis,Test,Test
Boston Bolts U16,12/10/2023,Miami,Updated,Bad
Boston Bolts U16,12/07/2023,Albion,Build Well,We want to press high
Boston Bolts U16,12/09/2023,St Louis,Test,Test
Boston Bolts U16,12/10/2023,Miami,Updated,Bad
Boston Bolts U16,12/07/2023,Albion,Build Well,We want to press high
Boston Bolts U16,12/09/2023,St Louis,Test,Test
Boston Bolts U16,12/10/2023,Miami,Updated,Bad
Boston Bolts U16,12/07/2023,Albion,Build Well,We want to press high
Boston Bolts U16,12/09/2023,St Louis,Test,Test
Boston Bolts U16,12/10/2023,Miami,Updated,Bad
Boston Bolts U16,12/07/2023,Albion,Build Well,We want to press high
Boston Bolts U16,12/09/2023,St Louis,Test,Test
Boston Bolts U16,12/07/2023,Albion,Build Well,We want to press high
Boston Bolts U16,12/09/2023,St Louis,Test,Test
Boston Bolts U16,12/10/2023,Miami,Updated,Bad
Boston Bolts U16,12/07/2023,Albion,Build Well,We want to press high
Boston Bolts U16,12/09/2023,St Louis,Test,Test
Boston Bolts U16,12/07/2023,Albion,Build Well,We want to press high
Boston Bolts U16,12/09/2023,St Louis,Test,Test
Boston Bolts U16,12/10/2023,Miami,Updated,Bad
Boston Bolts U16,12/07/2023,Albion,Build Well,We want to press high
Boston Bolts U16,12/09/2023,St Louis,Test,Test
Boston Bolts U16,12/10/2023,Miami,Updated,Bad
Boston Bolts U16,12/07/2023,Albion,Build Well,We want to press high
Boston Bolts U16,12/09/2023,St Louis,Test,Test
Boston Bolts U16,12/10/2023,Miami,Updated,Bad
Boston Bolts U16,12/07/2023,Albion,Build Well,We want to press high
Boston Bolts U16,12/09/2023,St Louis,Test,Test
Boston Bolts U16,12/10/2023,Miami,Updated,Bad
Boston Bolts U16,12/07/2023,Albion,Build Well,We want to press high
Boston Bolts U16,12/09/2023,St Louis,Test,Test
Boston Bolts U16,12/10/2023,Miami,Updated,Bad
Boston Bolts U16,12/07/2023,Albion,Build Well,We want to press high
Boston Bolts U16,12/10/2023,Miami,Updated,Bad
Boston Bolts U16,12/07/2023,Albion,Build Well,We want to press high
Boston Bolts U16,12/09/2023,St Louis,Test,Test
Boston Bolts U16,12/10/2023,Miami,Updated,Bad
Boston Bolts U16,12/07/2023,Albion,Build Well,We want to press high
Boston Bolts U16,12/09/2023,St Louis,Test,Test
Boston Bolts U16,12/07/2023,Albion,Build Well,We want to press high
Boston Bolts U16,12/09/2023,St Louis,Test,Test
Boston Bolts U16,12/10/2023,Miami,Updated,Bad
